city,county,lat,lng,population
Dunkinsville,Adams,38.8559,-83.4713,
Cherry Fork,Adams,38.8862,-83.6146,155
Peebles,Adams,38.9463,-83.4094,1753
West Union,Adams,38.7917,-83.5441,3074
Manchester,Adams,38.6902,-83.6053,1978
Stout,Adams,38.664,-83.3791,
Winchester,Adams,38.9436,-83.654,1028
Bentonville,Adams,38.7455,-83.6103,
Seaman,Adams,38.937,-83.5753,910
Cairo,Allen,40.8305,-84.0848,532
Delphos,Allen,40.8481,-84.3369,7328
Harrod,Allen,40.7074,-83.9213,412
Fort Shawnee,Allen,40.6814,-84.1487,
Beaverdam,Allen,40.8328,-83.9739,374
Elida,Allen,40.7868,-84.1995,1842
Lafayette,Allen,40.7589,-83.95,416
Bluffton,Allen,40.8912,-83.8887,4272
Lima,Allen,40.7409,-84.1121,70296
Westminster,Allen,40.699,-83.9795,
Spencerville,Allen,40.7079,-84.3526,2190
Nankin,Ashland,40.9214,-82.2818,
Ashland,Ashland,40.8671,-82.3163,20352
Mifflin,Ashland,40.7734,-82.3639,139
Hayesville,Ashland,40.7752,-82.2596,470
Nova,Ashland,41.0289,-82.3046,
Loudonville,Ashland,40.6338,-82.2342,2642
Savannah,Ashland,40.9669,-82.3661,409
Polk,Ashland,40.9449,-82.2147,341
Rowsburg,Ashland,40.8587,-82.1557,
Bailey Lake,Ashland,40.9492,-82.3571,375
Perrysville,Ashland,40.6584,-82.3144,725
Jeromesville,Ashland,40.8037,-82.1965,550
Kelloggsville,Ashtabula,41.8567,-80.6173,
Eagleville,Ashtabula,41.7167,-80.8359,
Andover,Ashtabula,41.6068,-80.5687,1114
Saybrook,Ashtabula,41.8276,-80.8718,
Austinburg,Ashtabula,41.7692,-80.8556,
Geneva-on-the-Lake,Ashtabula,41.8562,-80.9492,1206
Conneaut,Ashtabula,41.9277,-80.5685,13963
Ashtabula,Ashtabula,41.8805,-80.7984,28097
New Lyme Station,Ashtabula,41.5903,-80.8456,
Jefferson,Ashtabula,41.7384,-80.769,3105
Simons,Ashtabula,41.5334,-80.5331,
Edgewood,Ashtabula,41.8784,-80.7461,
Roaming Shores,Ashtabula,41.6366,-80.8249,1472
Pierpont,Ashtabula,41.7492,-80.5684,
Rock Creek,Ashtabula,41.6604,-80.8543,517
North Kingsville,Ashtabula,41.9189,-80.6724,2828
Orwell,Ashtabula,41.5365,-80.8595,1601
Dorset,Ashtabula,41.6803,-80.6673,
Geneva,Ashtabula,41.8003,-80.9461,7415
Chauncey,Athens,39.4005,-82.1261,1036
Coolville,Athens,39.2201,-81.7977,492
Athens,Athens,39.3269,-82.0988,30077
Buchtel,Athens,39.4634,-82.181,553
Hebardville,Athens,39.2534,-82.1679,
Hockingport,Athens,39.1907,-81.7495,
Sharpsburg,Athens,39.4359,-81.9115,
New Marshfield,Athens,39.3254,-82.2166,
Shade,Athens,39.2259,-82.0385,
The Plains,Athens,39.3656,-82.1343,
Millfield,Athens,39.434,-82.095,
Carbondale,Athens,39.3778,-82.271,
Glouster,Athens,39.5023,-82.0842,2645
Trimble,Athens,39.4862,-82.0808,395
Amesville,Athens,39.4016,-81.9549,157
Albany,Athens,39.2245,-82.1977,891
Hunterdon,Athens,39.5103,-82.1215,
Nelsonville,Athens,39.456,-82.2219,6249
Luhrig,Athens,39.3334,-82.1832,
Jacksonville,Athens,39.4762,-82.0799,482
Stewart,Athens,39.308,-81.8974,
Cridersville,Auglaize,40.6513,-84.146,1818
New Knoxville,Auglaize,40.4943,-84.3164,866
Waynesfield,Auglaize,40.6025,-83.9733,834
New Hampshire,Auglaize,40.554,-83.9531,
Wapakoneta,Auglaize,40.5676,-84.1917,10628
Saint Johns,Auglaize,40.5558,-84.0796,
New Bremen,Auglaize,40.4348,-84.3778,7405
Uniopolis,Auglaize,40.6021,-84.0864,220
Minster,Auglaize,40.3957,-84.3787,2857
Buckland,Auglaize,40.624,-84.2604,231
Saint Marys,Auglaize,40.5475,-84.3931,9258
Holloway,Belmont,40.1621,-81.1313,323
Barnesville,Belmont,39.9888,-81.1728,4265
Flushing,Belmont,40.1481,-81.0644,861
Lafferty,Belmont,40.1142,-81.019,
Morristown,Belmont,40.0638,-81.0695,297
Lansing,Belmont,40.0758,-80.792,
Saint Clairsville,Belmont,40.0792,-80.8998,5109
Brookside,Belmont,40.0708,-80.7607,597
Armstrongs Mills,Belmont,39.9081,-80.9348,
Jacobsburg,Belmont,39.9651,-80.9043,
Yorkville,Belmont,40.1528,-80.7079,1038
Bridgeport,Belmont,40.0673,-80.7473,1791
Bellaire,Belmont,40.0176,-80.7469,4170
Bannock,Belmont,40.1043,-80.9757,
Belmont,Belmont,40.028,-81.041,442
Barton,Belmont,40.1073,-80.8412,
Shadyside,Belmont,39.9716,-80.7511,3662
Glencoe,Belmont,40.0105,-80.8814,
Martins Ferry,Belmont,40.1014,-80.7252,6756
Bethesda,Belmont,40.0164,-81.0727,1241
Neffs,Belmont,40.032,-80.8171,
Powhatan Point,Belmont,39.8625,-80.8098,1566
Wolfhurst,Belmont,40.069,-80.781,
Somerton,Belmont,39.9012,-81.1368,
Russellville,Brown,38.8673,-83.7878,528
Mount Orab,Brown,39.0295,-83.9268,2933
Aberdeen,Brown,38.6714,-83.7705,1602
Fayetteville,Brown,39.1848,-83.9317,324
Georgetown,Brown,38.8683,-83.8992,3869
Macon,Brown,38.9651,-83.7283,
Sardinia,Brown,39.0087,-83.8008,952
Ripley,Brown,38.7325,-83.8346,1713
Higginsport,Brown,38.79,-83.9673,244
Saint Martin,Brown,39.2117,-83.8844,
Decatur,Brown,38.8156,-83.7038,
Hamersville,Brown,38.919,-83.9854,520
Hamilton,Butler,39.3938,-84.5652,62127
Pisgah,Butler,39.3184,-84.3688,
Monroe,Butler,39.4461,-84.3666,13473
Le Sourdsville,Butler,39.4403,-84.4299,
Wetherington,Butler,39.3633,-84.3767,
Trenton,Butler,39.4791,-84.462,12762
Williamsdale,Butler,39.4421,-84.5298,
Millville,Butler,39.3924,-84.6528,725
Oneida,Butler,39.4784,-84.3902,
Beckett Ridge,Butler,39.3448,-84.4381,
City View Heights,Butler,39.4228,-84.5513,
Overpeck,Butler,39.4509,-84.5144,
West Middletown,Butler,39.5237,-84.418,
Fairfield,Butler,39.3301,-84.5405,42617
Reily,Butler,39.4337,-84.7611,
Indian Springs,Butler,39.3553,-84.5283,
Tylersville,Butler,39.3576,-84.4213,
Excello,Butler,39.4809,-84.4188,
Collinsville,Butler,39.5153,-84.6094,
Olde West Chester,Butler,39.3353,-84.4034,
Woodsdale,Butler,39.4345,-84.4758,
Middletown,Butler,39.5032,-84.3659,97742
Saint Charles,Butler,39.3914,-84.7425,
Maustown,Butler,39.4056,-84.4516,
Shandon,Butler,39.3264,-84.7147,
McGonigle,Butler,39.4459,-84.683,
New Miami,Butler,39.4319,-84.5399,2321
Oxford,Butler,39.5058,-84.744,22344
Ross,Butler,39.3146,-84.6599,
Port Union,Butler,39.3328,-84.4633,
Okeana,Butler,39.3478,-84.7675,
Miltonville,Butler,39.5009,-84.4608,
Gano,Butler,39.3023,-84.4083,
Princeton,Butler,39.3884,-84.4538,
Darrtown,Butler,39.4975,-84.669,
Auburn,Butler,39.3912,-84.7022,
Blue Ball,Butler,39.4934,-84.3363,
Bethany,Butler,39.3845,-84.3736,
Layhigh,Butler,39.3617,-84.6961,
Somerville,Butler,39.5634,-84.6396,283
Jacksonburg,Butler,39.5383,-84.5034,63
Maud,Butler,39.3553,-84.3902,
Seven Mile,Butler,39.4859,-84.5523,772
Harlem Springs,Carroll,40.5209,-81.0031,
Lake Mohawk,Carroll,40.6608,-81.1928,
Carrollton,Carroll,40.5804,-81.09,3383
Leesville,Carroll,40.4519,-81.2094,154
Malvern,Carroll,40.6896,-81.1816,2715
Sherrodsville,Carroll,40.4945,-81.2441,297
Dellroy,Carroll,40.555,-81.1992,342
Rosewood,Champaign,40.2174,-83.9635,
North Lewisburg,Champaign,40.2206,-83.5583,1439
Saint Paris,Champaign,40.1268,-83.9647,2016
Mechanicsburg,Champaign,40.0737,-83.557,1593
Mutual,Champaign,40.0794,-83.637,101
Urbana,Champaign,40.1088,-83.7541,11334
Woodstock,Champaign,40.1737,-83.5278,299
Christiansburg,Champaign,40.0565,-84.0253,500
Crystal Lakes,Clark,39.8862,-84.0243,
Clifton,Clark,39.797,-83.8256,152
South Charleston,Clark,39.8249,-83.6415,1647
North Hampton,Clark,39.9886,-83.9443,468
Tremont City,Clark,40.0147,-83.8385,367
Park Layne,Clark,39.8881,-84.0394,
Holiday Valley,Clark,39.8536,-83.962,
Donnelsville,Clark,39.916,-83.9432,298
Springfield,Clark,39.9304,-83.7961,83115
Enon,Clark,39.8653,-83.933,2386
Selma,Clark,39.7867,-83.7085,
New Carlisle,Clark,39.9448,-84.0256,5649
Catawba,Clark,39.9995,-83.6228,263
Lawrenceville,Clark,39.9867,-83.8785,
South Vienna,Clark,39.9293,-83.6134,376
Green Meadows,Clark,39.8672,-83.9453,
Northridge,Clark,39.9971,-83.777,
Goshen,Clermont,39.2325,-84.1532,
Neville,Clermont,38.8123,-84.2115,101
Felicity,Clermont,38.8389,-84.0985,824
Mount Carmel,Clermont,39.0978,-84.2995,
Day Heights,Clermont,39.1755,-84.2275,
Amelia,Clermont,39.0228,-84.2185,4957
Williamsburg,Clermont,39.0517,-84.0464,2554
Newtonsville,Clermont,39.1814,-84.0885,364
Lindale,Clermont,38.9901,-84.2099,
New Richmond,Clermont,38.9619,-84.2779,2916
Locust Lake,Clermont,39.0265,-84.2333,
Glen Este,Clermont,39.099,-84.258,
Miamiville,Clermont,39.2123,-84.3001,
Springvale,Clermont,39.2273,-84.1958,
Perintown,Clermont,39.1373,-84.2358,
Hamlet,Clermont,39.019,-84.1997,
Willowville,Clermont,39.0956,-84.2483,
Epworth Heights,Clermont,39.2492,-84.2788,
Batavia,Clermont,39.0813,-84.1765,1650
Milford,Clermont,39.17,-84.281,6906
Bethel,Clermont,38.9627,-84.0847,3320
Moscow,Clermont,38.86,-84.2281,187
Mulberry,Clermont,39.1975,-84.2511,
Branch Hill,Clermont,39.2462,-84.2933,
Locust Corner,Clermont,39.0248,-84.2755,
Summerside,Clermont,39.1187,-84.2862,
Withamsville,Clermont,39.0628,-84.2808,
Olive Branch,Clermont,39.084,-84.2252,
Owensville,Clermont,39.1242,-84.1366,819
Mount Repose,Clermont,39.1908,-84.2198,
Chilo,Clermont,38.7934,-84.1373,64
Martinsville,Clinton,39.3224,-83.8109,453
Blanchester,Clinton,39.2934,-83.9797,4197
Cuba,Clinton,39.3612,-83.8638,
Wilmington,Clinton,39.4387,-83.8184,12280
Westboro,Clinton,39.2815,-83.9105,
New Burlington,Clinton,39.562,-83.9655,
Clarksville,Clinton,39.4016,-83.9828,547
Midland,Clinton,39.3068,-83.9105,316
Sabina,Clinton,39.4902,-83.6336,2486
Port William,Clinton,39.5523,-83.7856,255
New Vienna,Clinton,39.3256,-83.6937,1204
Columbiana,Columbiana,40.8871,-80.675,7940
Lisbon,Columbiana,40.7752,-80.7628,5492
Washingtonville,Columbiana,40.899,-80.7677,765
West Point,Columbiana,40.7084,-80.7023,
Hanoverton,Columbiana,40.7547,-80.9355,397
Rogers,Columbiana,40.7897,-80.6275,231
Summitville,Columbiana,40.6759,-80.8876,132
Winona,Columbiana,40.8281,-80.8962,
East Liverpool,Columbiana,40.6333,-80.5677,30292
Glenmoor,Columbiana,40.6639,-80.6133,
Calcutta,Columbiana,40.6847,-80.5624,
Homeworth,Columbiana,40.8357,-81.0649,
Salineville,Columbiana,40.6207,-80.8345,1250
East Rochester,Columbiana,40.7495,-81.04,
Salem,Columbiana,40.9049,-80.8491,18078
East Palestine,Columbiana,40.8392,-80.5467,4747
Negley,Columbiana,40.7927,-80.536,
Elkton,Columbiana,40.762,-80.6987,
La Croft,Columbiana,40.6469,-80.5998,
New Waterford,Columbiana,40.848,-80.619,1191
Leetonia,Columbiana,40.8786,-80.7623,1885
Wellsville,Columbiana,40.6042,-80.655,3374
West Lafayette,Coshocton,40.2761,-81.7517,2502
Blissfield,Coshocton,40.3998,-81.9654,
Canal Lewisville,Coshocton,40.299,-81.8402,
Fresno,Coshocton,40.3308,-81.7386,
Conesville,Coshocton,40.1849,-81.892,336
Nellie,Coshocton,40.3385,-82.0708,132
Cooperdale,Coshocton,40.2198,-82.0651,
Plainfield,Coshocton,40.2051,-81.7182,171
Keene,Coshocton,40.3451,-81.8682,
Coshocton,Coshocton,40.262,-81.8482,11488
Warsaw,Coshocton,40.3356,-82.0017,674
Galion,Crawford,40.7392,-82.7773,15406
Chatfield,Crawford,40.9519,-82.9414,188
North Robinson,Crawford,40.7925,-82.8568,199
Bucyrus,Crawford,40.8054,-82.9719,11940
Oceola,Crawford,40.8442,-83.0947,
New Washington,Crawford,40.9605,-82.8548,931
Crestline,Crawford,40.7835,-82.7455,4439
Sulphur Springs,Crawford,40.8722,-82.8765,
Tiro,Crawford,40.9063,-82.769,272
University Heights,Cuyahoga,41.4948,-81.5348,13126
Newburgh Heights,Cuyahoga,41.4509,-81.6627,2079
Lakewood,Cuyahoga,41.4824,-81.8008,50279
Richmond Heights,Cuyahoga,41.5589,-81.5029,10421
Shaker Heights,Cuyahoga,41.4744,-81.5496,27448
Brecksville,Cuyahoga,41.3079,-81.6193,13425
Bratenahl,Cuyahoga,41.554,-81.6051,1164
Bedford Heights,Cuyahoga,41.4042,-81.5053,10555
Linndale,Cuyahoga,41.445,-81.7667,176
Walton Hills,Cuyahoga,41.3662,-81.5554,2298
Strongsville,Cuyahoga,41.3128,-81.8313,44631
Cleveland,Cuyahoga,41.4766,-81.6805,1731637
Lyndhurst,Cuyahoga,41.5172,-81.4922,13605
Cleveland Heights,Cuyahoga,41.5112,-81.5636,44633
Parma,Cuyahoga,41.3842,-81.7286,79425
Gates Mills,Cuyahoga,41.5316,-81.41,2231
Seven Hills,Cuyahoga,41.3805,-81.6737,11655
Middleburg Heights,Cuyahoga,41.3695,-81.815,15608
Orange,Cuyahoga,41.4415,-81.4743,3271
Mayfield Heights,Cuyahoga,41.5175,-81.4534,18731
South Euclid,Cuyahoga,41.5239,-81.5245,21658
Chagrin Falls,Cuyahoga,41.4321,-81.3887,3995
Euclid,Cuyahoga,41.5904,-81.5188,47360
Maple Heights,Cuyahoga,41.4094,-81.5625,22478
Bentleyville,Cuyahoga,41.4122,-81.4121,858
Garfield Heights,Cuyahoga,41.4199,-81.6038,27905
North Olmsted,Cuyahoga,41.415,-81.919,31817
Olmsted Falls,Cuyahoga,41.3657,-81.9043,8890
Moreland Hills,Cuyahoga,41.4422,-81.4294,3306
Woodmere,Cuyahoga,41.46,-81.4798,860
Bay Village,Cuyahoga,41.4851,-81.9315,15328
Brooklyn,Cuyahoga,41.4349,-81.7498,10828
Berea,Cuyahoga,41.3696,-81.8642,18859
Pepper Pike,Cuyahoga,41.4801,-81.4619,6198
Cuyahoga Heights,Cuyahoga,41.435,-81.6562,612
Brooklyn Heights,Cuyahoga,41.4178,-81.668,1521
Valley View,Cuyahoga,41.3832,-81.6067,2005
Highland Hills,Cuyahoga,41.4507,-81.5191,961
Brook Park,Cuyahoga,41.4036,-81.8219,18691
Broadview Heights,Cuyahoga,41.3195,-81.6782,19197
Bedford,Cuyahoga,41.3919,-81.5358,12665
Westlake,Cuyahoga,41.4524,-81.9295,32293
Hunting Valley,Cuyahoga,41.4802,-81.4108,715
Mayfield,Cuyahoga,41.5501,-81.4369,3387
North Randall,Cuyahoga,41.4327,-81.5289,1002
Beachwood,Cuyahoga,41.4759,-81.503,11707
Parma Heights,Cuyahoga,41.3865,-81.7637,20123
East Cleveland,Cuyahoga,41.5318,-81.5795,17220
Warrensville Heights,Cuyahoga,41.4363,-81.5222,13236
North Royalton,Cuyahoga,41.3138,-81.7451,30247
Rocky River,Cuyahoga,41.4703,-81.8526,20264
Highland Heights,Cuyahoga,41.5518,-81.4691,8397
Independence,Cuyahoga,41.378,-81.6385,7114
Glenwillow,Cuyahoga,41.3606,-81.4728,920
Solon,Cuyahoga,41.3864,-81.4401,23003
Fairview Park,Cuyahoga,41.4419,-81.853,16332
Rossburg,Darke,40.2802,-84.6384,196
Osgood,Darke,40.3394,-84.4955,294
Ithaca,Darke,39.9378,-84.5533,133
Ansonia,Darke,40.2141,-84.6344,1133
Gordon,Darke,39.9303,-84.5091,207
Wayne Lakes Park,Darke,40.0216,-84.6625,700
Hollansburg,Darke,39.9985,-84.7931,221
North Star,Darke,40.3242,-84.569,230
Palestine,Darke,40.0501,-84.7445,195
Castine,Darke,39.9311,-84.6247,127
New Madison,Darke,39.9677,-84.7082,1066
Pitsburg,Darke,39.9872,-84.4878,378
Versailles,Darke,40.2222,-84.4832,3198
Arcanum,Darke,39.9924,-84.5543,2062
Union City,Darke,40.1996,-84.7943,1620
New Weston,Darke,40.337,-84.6436,133
Yorkshire,Darke,40.3252,-84.495,122
Greenville,Darke,40.1042,-84.6209,12943
Gettysburg,Darke,40.1157,-84.4966,647
Jewell,Defiance,41.3259,-84.2855,
Defiance,Defiance,41.2806,-84.3663,18507
Sherwood,Defiance,41.2889,-84.553,809
Ney,Defiance,41.3806,-84.5211,352
Brunersburg,Defiance,41.3067,-84.3869,
Hicksville,Defiance,41.2944,-84.7648,3472
Farmer,Defiance,41.3831,-84.6305,
Powell,Delaware,40.1679,-83.08,12810
Galena,Delaware,40.222,-82.8802,665
Condit,Delaware,40.2601,-82.788,
Delaware,Delaware,40.287,-83.0749,38643
Ostrander,Delaware,40.2685,-83.2088,695
Radnor,Delaware,40.3852,-83.1459,
Kilbourne,Delaware,40.3323,-82.9592,
Sunbury,Delaware,40.2472,-82.8659,5216
Shawnee Hills,Delaware,40.16,-83.1355,769
Lewis Center,Delaware,40.1984,-83.0102,
Ashley,Delaware,40.4098,-82.9516,1500
Castalia,Erie,41.4011,-82.808,827
Milan,Erie,41.2883,-82.5995,1343
Sandusky,Erie,41.4472,-82.7009,47494
Kelleys Island,Erie,41.6033,-82.7029,310
Parkertown,Erie,41.3439,-82.7871,
Beulah Beach,Erie,41.3917,-82.4428,
Huron,Erie,41.3912,-82.5626,6977
Bay View,Erie,41.468,-82.825,607
Kimball,Erie,41.3095,-82.7018,
Crystal Rock,Erie,41.448,-82.8419,
Shinrock,Erie,41.3462,-82.5213,
Mitiwanga,Erie,41.3813,-82.4659,
Berlin Heights,Erie,41.3204,-82.4904,713
Vermilion,Erie,41.4103,-82.3214,10409
Thurston,Fairfield,39.8426,-82.5446,597
Royalton,Fairfield,39.7276,-82.7666,
West Rushville,Fairfield,39.7639,-82.4488,137
Amanda,Fairfield,39.6502,-82.7424,740
Canal Winchester,Fairfield,39.8432,-82.8121,7905
Pickerington,Fairfield,39.8889,-82.768,20069
Stoutsville,Fairfield,39.6049,-82.8235,558
Lancaster,Fairfield,39.7249,-82.6049,43726
Carroll,Fairfield,39.7989,-82.7036,521
Bremen,Fairfield,39.7059,-82.4296,1434
Lithopolis,Fairfield,39.8113,-82.8157,1429
Millersport,Fairfield,39.8982,-82.539,1049
Fairfield Beach,Fairfield,39.9183,-82.4791,
Pleasantville,Fairfield,39.8097,-82.5223,958
Sugar Grove,Fairfield,39.628,-82.5455,432
Rushville,Fairfield,39.7644,-82.4304,311
Baltimore,Fairfield,39.8459,-82.6048,3511
Jeffersonville,Fayette,39.6522,-83.5564,1184
Bloomingburg,Fayette,39.6077,-83.3955,913
Madison Mills,Fayette,39.6537,-83.3396,
Pancoastburg,Fayette,39.6239,-83.2642,
Washington Court House,Fayette,39.5384,-83.4276,15116
Milledgeville,Fayette,39.5938,-83.5874,113
Good Hope,Fayette,39.4467,-83.3594,
Octa,Fayette,39.6135,-83.6106,58
Grove City,Franklin,39.8665,-83.0703,39721
Darbydale,Franklin,39.8545,-83.1795,
Obetz,Franklin,39.8669,-82.9452,4811
Worthington,Franklin,40.0949,-83.0209,14528
New Albany,Franklin,40.0808,-82.7926,10360
Harrisburg,Franklin,39.8107,-83.1686,335
Westerville,Franklin,40.1241,-82.9205,38985
Reynoldsburg,Franklin,39.9588,-82.7943,37449
Gahanna,Franklin,40.0251,-82.8638,34956
Grandview Heights,Franklin,39.9793,-83.0409,7628
Lockbourne,Franklin,39.8078,-82.9837,248
Urbancrest,Franklin,39.9016,-83.086,984
Huber Ridge,Franklin,40.0909,-82.9174,
Hilliard,Franklin,40.0348,-83.1547,34905
New Rome,Franklin,39.9517,-83.1421,
Columbus,Franklin,39.9859,-82.9852,1495146
Dublin,Franklin,40.1112,-83.1451,45568
Upper Arlington,Franklin,40.0271,-83.0703,34997
Blacklick Estates,Franklin,39.9049,-82.8655,
Bexley,Franklin,39.965,-82.9342,13669
Minerva Park,Franklin,40.0778,-82.9422,1312
Riverlea,Franklin,40.0805,-83.0255,565
Groveport,Franklin,39.8587,-82.8976,5552
Brice,Franklin,39.9173,-82.8319,121
Lincoln Village,Franklin,39.9532,-83.1314,
Marble Cliff,Franklin,39.9857,-83.0614,671
Lake Darby,Franklin,39.9604,-83.2243,
Whitehall,Franklin,39.9682,-82.8833,18736
Metamora,Fulton,41.7113,-83.9053,615
Swanton,Fulton,41.5836,-83.8909,3910
Wauseon,Fulton,41.5534,-84.1406,7254
Tedrow,Fulton,41.6029,-84.2043,
Archbold,Fulton,41.5162,-84.3034,4747
Pettisville,Fulton,41.5323,-84.2231,
Lyons,Fulton,41.7004,-84.0718,558
Fayette,Fulton,41.6728,-84.3283,1267
Delta,Fulton,41.5753,-84.0048,3191
Oakshade,Fulton,41.6689,-84.1522,
Addison,Gallia,38.8862,-82.1463,
Vinton,Gallia,38.9776,-82.3374,216
Rio Grande,Gallia,38.8796,-82.3789,856
Crown City,Gallia,38.5901,-82.2912,405
Eureka,Gallia,38.6773,-82.1915,
Kanauga,Gallia,38.8411,-82.1495,
Gallipolis,Gallia,38.8186,-82.1934,3462
Thurman,Gallia,38.9001,-82.4457,
Cheshire,Gallia,38.9502,-82.1131,131
Parkman,Geauga,41.3722,-81.0591,
Chesterland,Geauga,41.5213,-81.3363,
Aquilla,Geauga,41.5465,-81.173,340
South Russell,Geauga,41.4318,-81.3351,3819
Welshfield,Geauga,41.387,-81.1423,
Chardon,Geauga,41.5803,-81.2081,8096
Montville,Geauga,41.6073,-81.0504,
Burton,Geauga,41.4708,-81.1456,1459
Middlefield,Geauga,41.4604,-81.0734,4889
East Claridon,Geauga,41.5326,-81.1157,
Jamestown,Greene,39.6598,-83.7431,3838
Spring Valley,Greene,39.61,-84.0065,484
Wilberforce,Greene,39.7151,-83.8847,
Cedarville,Greene,39.7473,-83.8107,4156
Fairborn,Greene,39.8031,-84.0141,33780
Beavercreek,Greene,39.7312,-84.0627,46376
Yellow Springs,Greene,39.7996,-83.8948,3787
Alpha,Greene,39.7117,-84.0233,
Bowersville,Greene,39.5811,-83.7235,307
Bellbrook,Greene,39.6384,-84.0865,7128
Xenia,Greene,39.6827,-83.9414,26238
Cambridge,Guernsey,40.0221,-81.5868,14943
Fairview,Guernsey,40.0573,-81.235,81
Salesville,Guernsey,39.9735,-81.3369,126
Cumberland,Guernsey,39.853,-81.6589,356
Old Washington,Guernsey,40.0376,-81.4443,271
Antrim,Guernsey,40.1203,-81.3584,
Quaker City,Guernsey,39.9697,-81.2973,491
Buffalo,Guernsey,39.9169,-81.5205,
Pleasant City,Guernsey,39.9033,-81.5438,437
Claysville,Guernsey,39.9362,-81.6704,
Byesville,Guernsey,39.9735,-81.5459,2382
Kimbolton,Guernsey,40.1508,-81.5758,
Senecaville,Guernsey,39.9348,-81.4594,449
Lore City,Guernsey,39.9832,-81.4601,318
Hooven,Hamilton,39.1864,-84.763,
Blue Ash,Hamilton,39.2478,-84.3824,12228
Monfort Heights,Hamilton,39.1823,-84.6076,
New Baltimore,Hamilton,39.2744,-84.6705,
Groesbeck,Hamilton,39.2292,-84.597,
Montgomery,Hamilton,39.2494,-84.3457,10582
Cherry Grove,Hamilton,39.0802,-84.322,
White Oak,Hamilton,39.2104,-84.6059,
Silverton,Hamilton,39.1883,-84.401,4760
Arlington Heights,Hamilton,39.2151,-84.4555,739
Ancor,Hamilton,39.1373,-84.3177,
Addyston,Hamilton,39.137,-84.7103,936
Dunlap,Hamilton,39.2908,-84.6303,
Finneytown,Hamilton,39.216,-84.5146,
Covedale,Hamilton,39.1267,-84.6363,
Fruit Hill,Hamilton,39.0699,-84.367,
The Village of Indian Hill,Hamilton,39.1917,-84.3341,5823
Evendale,Hamilton,39.2508,-84.4265,2767
Highpoint,Hamilton,39.2892,-84.3472,
Remington,Hamilton,39.229,-84.322,
Harrison,Hamilton,39.257,-84.7883,14411
Woodlawn,Hamilton,39.2555,-84.4709,3292
Norwood,Hamilton,39.1604,-84.4534,19876
Madeira,Hamilton,39.1854,-84.3734,9049
Plainville,Hamilton,39.144,-84.3594,
Forestville,Hamilton,39.0711,-84.3389,
Wyoming,Hamilton,39.2295,-84.4814,8517
Bevis,Hamilton,39.2576,-84.6016,
Turpin Hills,Hamilton,39.1063,-84.3703,
Deer Park,Hamilton,39.2037,-84.3975,5674
Mount Healthy,Hamilton,39.2339,-84.5474,6030
Amberley,Hamilton,39.2033,-84.4283,3604
Sharonville,Hamilton,39.2824,-84.4069,13761
Fernald,Hamilton,39.2756,-84.6897,
Terrace Park,Hamilton,39.1584,-84.3111,2273
Forest Park,Hamilton,39.286,-84.5259,18671
Rossmoyne,Hamilton,39.2145,-84.3886,
Colerain Heights,Hamilton,39.2406,-84.598,
Golf Manor,Hamilton,39.1874,-84.4468,3579
Brentwood,Hamilton,39.2284,-84.5297,
Northgate,Hamilton,39.2531,-84.5943,
Lockland,Hamilton,39.2277,-84.4564,3430
Mount Healthy Heights,Hamilton,39.2701,-84.5692,
Loveland,Hamilton,39.2679,-84.2731,12732
Bridgetown,Hamilton,39.1551,-84.6359,
North College Hill,Hamilton,39.2174,-84.5517,9322
Reading,Hamilton,39.2241,-84.4332,10317
Pleasant Run,Hamilton,39.2927,-84.5756,
Sixteen Mile Stand,Hamilton,39.2749,-84.3265,
Brecon,Hamilton,39.2797,-84.3524,
Elmwood Place,Hamilton,39.1855,-84.4889,2180
Fairfax,Hamilton,39.1432,-84.3971,1701
Northbrook,Hamilton,39.2466,-84.5795,
Pleasant Hills,Hamilton,39.2362,-84.5234,
Cheviot,Hamilton,39.1578,-84.6138,8283
Glendale,Hamilton,39.2705,-84.458,2157
Cincinnati,Hamilton,39.1412,-84.506,1634573
Skyline Acres,Hamilton,39.2276,-84.5663,
Taylors Creek,Hamilton,39.2106,-84.6741,
Mariemont,Hamilton,39.1431,-84.378,3430
Elizabethtown,Hamilton,39.162,-84.8038,
Dry Run,Hamilton,39.1047,-84.3307,
North Bend,Hamilton,39.1505,-84.7398,861
Salem Heights,Hamilton,39.0657,-84.384,
Grandview,Hamilton,39.1921,-84.7246,
Camp Dennison,Hamilton,39.1964,-84.2893,
Lincoln Heights,Hamilton,39.2434,-84.4568,3354
Pleasant Run Farm,Hamilton,39.3017,-84.5493,
Dry Ridge,Hamilton,39.2587,-84.6338,
Miami Heights,Hamilton,39.1688,-84.7149,
Miamitown,Hamilton,39.2171,-84.7095,
Kenwood,Hamilton,39.2067,-84.3745,
Greenhills,Hamilton,39.2669,-84.5191,3588
Newtown,Hamilton,39.1241,-84.3514,2678
Blue Jay,Hamilton,39.2308,-84.7442,
Springdale,Hamilton,39.2909,-84.476,11205
Dent,Hamilton,39.1922,-84.6593,
Cleves,Hamilton,39.1632,-84.7463,3400
Saint Bernard,Hamilton,39.1711,-84.4956,4348
Mack,Hamilton,39.1502,-84.6792,
Delhi Hills,Hamilton,39.0871,-84.6177,
Mount Cory,Hancock,40.9348,-83.8235,203
Vanlue,Hancock,40.9751,-83.4824,361
Arlington,Hancock,40.8939,-83.6529,1463
Arcadia,Hancock,41.1078,-83.5144,600
Mount Blanchard,Hancock,40.8986,-83.5569,487
McComb,Hancock,41.107,-83.7889,1654
Benton Ridge,Hancock,41.0042,-83.7927,296
Findlay,Hancock,41.046,-83.638,48701
Jenera,Hancock,40.8995,-83.7271,220
Van Buren,Hancock,41.1388,-83.6493,385
Rawson,Hancock,40.9569,-83.785,568
Forest,Hardin,40.8064,-83.5114,1437
Roundhead,Hardin,40.5595,-83.8352,
Alger,Hardin,40.7095,-83.8439,847
Grant,Hardin,40.7106,-83.568,
Hepburn,Hardin,40.6214,-83.4696,
Kenton,Hardin,40.6447,-83.6099,8298
Ada,Hardin,40.768,-83.8252,5600
Dola,Hardin,40.7848,-83.6988,
McGuffey,Hardin,40.6926,-83.786,487
Mount Victory,Hardin,40.5335,-83.5202,611
Ridgeway,Hardin,40.5124,-83.569,334
Patterson,Hardin,40.7823,-83.5261,138
Dunkirk,Hardin,40.788,-83.643,858
Tippecanoe,Harrison,40.2737,-81.2812,
Hopedale,Harrison,40.3265,-80.8954,926
Freeport,Harrison,40.2109,-81.2686,351
Piedmont,Harrison,40.1884,-81.1965,
Unionvale,Harrison,40.2723,-80.927,
Bowerston,Harrison,40.4273,-81.1874,383
Jewett,Harrison,40.3681,-81.0031,668
Germano,Harrison,40.4084,-80.947,
Harrisville,Harrison,40.1814,-80.8868,231
Scio,Harrison,40.399,-81.0882,739
New Athens,Harrison,40.1845,-80.9948,312
Cadiz,Harrison,40.2644,-80.998,2438
Deersville,Harrison,40.3083,-81.188,78
McClure,Henry,41.371,-83.9415,696
Napoleon,Henry,41.3978,-84.1244,8432
Ridgeville Corners,Henry,41.4388,-84.2554,
Malinta,Henry,41.3196,-84.0353,261
Okolona,Henry,41.3553,-84.2177,
New Bavaria,Henry,41.2037,-84.1674,97
Holgate,Henry,41.2493,-84.1292,1094
Deshler,Henry,41.2075,-83.9056,1753
Hamler,Henry,41.2281,-84.0355,570
Liberty Center,Henry,41.4436,-84.0078,1136
Florida,Henry,41.3237,-84.2004,226
Gerald,Henry,41.457,-84.1441,
Sinking Spring,Highland,39.0747,-83.3871,131
Hillsboro,Highland,39.2124,-83.6113,6642
Sugar Tree Ridge,Highland,39.0703,-83.6619,
Marshall,Highland,39.152,-83.4849,
Highland Holiday,Highland,39.1949,-83.4703,
Buford,Highland,39.0723,-83.8392,
Rocky Fork Point,Highland,39.1878,-83.4901,
Greenfield,Highland,39.3536,-83.3883,5044
Leesburg,Highland,39.3418,-83.552,1298
East Danville,Highland,39.1159,-83.7191,
Mowrystown,Highland,39.0406,-83.7518,353
New Petersburg,Highland,39.2623,-83.4449,
Lynchburg,Highland,39.2401,-83.7883,1484
Dodsonville,Highland,39.2023,-83.8146,
Highland,Highland,39.3439,-83.6001,254
South Bloomingville,Hocking,39.4187,-82.5993,
Murray City,Hocking,39.5097,-82.1678,438
South Perry,Hocking,39.4967,-82.671,
Union Furnace,Hocking,39.4617,-82.3563,
Logan,Hocking,39.5386,-82.4063,8003
Hide-A-Way Hills,Hocking,39.6551,-82.466,
Laurelville,Hocking,39.472,-82.7374,510
Carbon Hill,Hocking,39.502,-82.2427,
Haydenville,Hocking,39.4807,-82.3238,
Rockbridge,Hocking,39.5862,-82.5262,
Millersburg,Holmes,40.5533,-81.9164,3104
Walnut Creek,Holmes,40.5427,-81.7213,
Glenmont,Holmes,40.519,-82.092,290
Berlin,Holmes,40.5628,-81.8011,
Killbuck,Holmes,40.4965,-81.9828,925
Nashville,Holmes,40.5958,-82.113,180
Charm,Holmes,40.5067,-81.7849,
Winesburg,Holmes,40.6177,-81.6948,
Holmesville,Holmes,40.629,-81.9234,406
Big Prairie,Holmes,40.6673,-82.0952,
Collins,Huron,41.2508,-82.4915,
Olena,Huron,41.1545,-82.541,
North Fairfield,Huron,41.1045,-82.6137,534
Celeryville,Huron,41.0287,-82.7273,
New London,Huron,41.0796,-82.4066,2376
Havana,Huron,41.1373,-82.7471,
Fitchville,Huron,41.0948,-82.4885,
Wakeman,Huron,41.253,-82.4028,1032
Norwalk,Huron,41.2443,-82.6088,20593
Monroeville,Huron,41.244,-82.7019,1370
Plymouth,Huron,40.9969,-82.6673,1796
New Haven,Huron,41.0306,-82.6814,
Clarksfield,Huron,41.1951,-82.4116,
Greenwich,Huron,41.0318,-82.5198,1425
Willard,Huron,41.0519,-82.7233,6131
Bellevue,Huron,41.2744,-82.8396,8178
Coalton,Jackson,39.1117,-82.6108,472
Jackson,Jackson,39.046,-82.6494,11627
Roads,Jackson,39.0812,-82.5379,
Byer,Jackson,39.1815,-82.6313,
Wellston,Jackson,39.1172,-82.5375,5554
Oak Hill,Jackson,38.8962,-82.5691,1511
Rocky Hill,Jackson,38.989,-82.5449,
Steubenville,Jefferson,40.3653,-80.652,18072
Wintersville,Jefferson,40.3791,-80.7095,3774
Bergholz,Jefferson,40.5208,-80.8851,632
Empire,Jefferson,40.5117,-80.6261,277
Adena,Jefferson,40.2166,-80.8762,725
Brilliant,Jefferson,40.2701,-80.6318,
Bloomingdale,Jefferson,40.3421,-80.818,196
Amsterdam,Jefferson,40.4717,-80.9217,483
East Springfield,Jefferson,40.4473,-80.8599,
Mount Pleasant,Jefferson,40.1759,-80.7996,451
Richmond,Jefferson,40.4329,-80.772,455
Smithfield,Jefferson,40.2715,-80.7772,830
Mingo Junction,Jefferson,40.3244,-80.6174,3302
Rayland,Jefferson,40.1842,-80.6911,396
Tiltonsville,Jefferson,40.1721,-80.6973,1312
Toronto,Jefferson,40.4584,-80.6074,4851
Stratton,Jefferson,40.5255,-80.6315,274
Dillonvale,Jefferson,40.1985,-80.7757,634
New Alexandria,Jefferson,40.2916,-80.675,263
Pottery Addition,Jefferson,40.4031,-80.6241,
Irondale,Jefferson,40.5728,-80.7259,359
Ankenytown,Knox,40.5342,-82.5049,
Jelloway,Knox,40.5367,-82.3002,
Apple Valley,Knox,40.4389,-82.3481,
Gambier,Knox,40.3764,-82.3949,2423
Centerburg,Knox,40.3035,-82.6975,2113
Mount Vernon,Knox,40.3854,-82.4732,21670
Mount Liberty,Knox,40.3467,-82.6302,
Fredericktown,Knox,40.4784,-82.5486,2466
Danville,Knox,40.4471,-82.2606,1010
Brandon,Knox,40.3123,-82.5091,
Martinsburg,Knox,40.2695,-82.3545,232
Howard,Knox,40.4093,-82.3276,
Bladensburg,Knox,40.2851,-82.2837,
Brinkhaven,Knox,40.4695,-82.194,
Wickliffe,Lake,41.6072,-81.469,12689
North Perry,Lake,41.8003,-81.1241,882
Kirtland,Lake,41.5969,-81.3406,6773
North Madison,Lake,41.8298,-81.0511,
Eastlake,Lake,41.6581,-81.4323,18134
Fairport Harbor,Lake,41.7476,-81.2731,3059
Madison,Lake,41.7722,-81.053,3148
Lakeline,Lake,41.6596,-81.4543,222
Painesville,Lake,41.724,-81.2536,19691
Waite Hill,Lake,41.6124,-81.3859,452
Mentor,Lake,41.6895,-81.3361,46732
Timberlake,Lake,41.6655,-81.4428,650
Perry,Lake,41.7637,-81.143,1618
Willowick,Lake,41.6343,-81.468,14087
Kirtland Hills,Lake,41.6362,-81.3193,639
Willoughby,Lake,41.646,-81.4084,22769
Grand River,Lake,41.7419,-81.2847,399
Mentor-on-the-Lake,Lake,41.7135,-81.365,7371
Willoughby Hills,Lake,41.5873,-81.4332,9482
Chesapeake,Lawrence,38.4298,-82.4488,725
South Point,Lawrence,38.4214,-82.5784,3938
Burlington,Lawrence,38.4099,-82.5283,
Hanging Rock,Lawrence,38.5599,-82.7274,218
Kitts Hill,Lawrence,38.5615,-82.5774,
Ironton,Lawrence,38.5319,-82.6777,10891
Coal Grove,Lawrence,38.4976,-82.6423,2141
Athalia,Lawrence,38.5126,-82.3093,369
Aid,Lawrence,38.5962,-82.4932,
Proctorville,Lawrence,38.4375,-82.3818,556
Bartles,Lawrence,38.6617,-82.6599,
Arabia,Lawrence,38.6581,-82.4735,
Jacksontown,Licking,39.9595,-82.4129,
Newark,Licking,40.0703,-82.4252,78563
Kirkersville,Licking,39.9498,-82.5984,535
Buckeye Lake,Licking,39.9355,-82.4826,2766
Saint Louisville,Licking,40.1711,-82.4179,379
Marne,Licking,40.0725,-82.3091,
Johnstown,Licking,40.1499,-82.6881,4852
Summit Station,Licking,39.997,-82.7521,
Hanover,Licking,40.0824,-82.2759,1162
Granville,Licking,40.0648,-82.5025,5771
Harbor Hills,Licking,39.9366,-82.4344,
Heath,Licking,40.0241,-82.4412,10625
Alexandria,Licking,40.09,-82.6119,530
Gratiot,Licking,39.9515,-82.2168,223
Utica,Licking,40.2335,-82.441,2191
Pataskala,Licking,40.0109,-82.7159,15458
Toboso,Licking,40.0565,-82.2182,
Croton,Licking,40.2387,-82.6924,
Brownsville,Licking,39.9438,-82.2517,
Etna,Licking,39.9541,-82.688,
Hebron,Licking,39.9644,-82.4898,2402
Beechwood Trails,Licking,40.0247,-82.6472,
West Mansfield,Logan,40.4007,-83.5444,674
Quincy,Logan,40.2956,-83.9686,695
Chippewa Park,Logan,40.516,-83.8875,
East Liberty,Logan,40.3339,-83.585,
De Graff,Logan,40.3127,-83.9166,1266
Bellefontaine,Logan,40.3627,-83.763,13038
Russells Point,Logan,40.468,-83.8939,6424
Lewistown,Logan,40.4237,-83.8846,
Rushsylvania,Logan,40.4612,-83.6711,512
Zanesfield,Logan,40.3386,-83.6779,194
Belle Center,Logan,40.509,-83.7453,807
West Liberty,Logan,40.2563,-83.7586,1788
Lakeview,Logan,40.4875,-83.9266,1055
Valley Hi,Logan,40.3163,-83.6759,203
Huntsville,Logan,40.4424,-83.8044,431
Columbia Hills Corners,Lorain,41.3128,-81.9157,
Sheffield Lake,Lorain,41.4884,-82.0978,9004
Columbia Station,Lorain,41.3131,-81.9468,
Oberlin,Lorain,41.2857,-82.2197,8009
Sheffield,Lorain,41.4559,-82.0912,4089
Avon,Lorain,41.4485,-82.0187,22805
Vincent,Lorain,41.4203,-82.116,
Lagrange,Lorain,41.2401,-82.1181,3312
Amherst,Lorain,41.4022,-82.2303,12078
South Amherst,Lorain,41.3515,-82.2394,1693
North Ridgeville,Lorain,41.3851,-82.0194,32983
Brentwood Lake,Lorain,41.3162,-82.0776,
Kipton,Lorain,41.2665,-82.3039,242
Grafton,Lorain,41.2808,-82.0368,6223
Rochester,Lorain,41.1246,-82.3058,181
Eaton Estates,Lorain,41.3061,-82.0114,
Elyria,Lorain,41.3761,-82.1063,53715
Lorain,Lorain,41.4409,-82.184,179926
Avon Lake,Lorain,41.4945,-82.016,23659
Wellington,Lorain,41.161,-82.2268,4909
North Eaton,Lorain,41.3134,-81.9813,
Toledo,Lucas,41.6639,-83.582,492237
Curtice,Lucas,41.6159,-83.3743,
Neapolis,Lucas,41.4906,-83.8747,
Silica,Lucas,41.6814,-83.7422,
Ottawa Hills,Lucas,41.6684,-83.6432,4492
Waterville,Lucas,41.5017,-83.7365,5519
Oregon,Lucas,41.6556,-83.4326,20040
Harbor View,Lucas,41.6934,-83.4447,99
Sylvania,Lucas,41.71,-83.7082,18909
Holland,Lucas,41.619,-83.7078,1668
Whitehouse,Lucas,41.5214,-83.7968,4551
Maumee,Lucas,41.5695,-83.6635,13874
Berkey,Lucas,41.7084,-83.8384,236
West Jefferson,Madison,39.9487,-83.2993,4687
Plumwood,Madison,40.0087,-83.4147,
Plain City,Madison,40.1067,-83.2693,4355
Midway,Madison,39.7329,-83.4764,328
London,Madison,39.8936,-83.4375,14626
Mount Sterling,Madison,39.7134,-83.2734,1760
Big Plain,Madison,39.8387,-83.2891,
South Solon,Madison,39.7374,-83.6127,361
Choctaw Lake,Madison,39.9607,-83.4878,
Sebring,Mahoning,40.9207,-81.0231,4256
Damascus,Mahoning,40.9042,-80.9524,
Lake Milton,Mahoning,41.096,-80.9812,
Poland,Mahoning,41.022,-80.6156,2459
Campbell,Mahoning,41.0777,-80.5904,7923
Youngstown,Mahoning,41.0994,-80.6463,372039
Lowellville,Mahoning,41.039,-80.5463,1105
Austintown,Mahoning,41.0932,-80.7405,
Petersburg,Mahoning,40.9126,-80.5303,
Craig Beach,Mahoning,41.116,-80.9828,1135
North Lima,Mahoning,40.9484,-80.659,
Struthers,Mahoning,41.051,-80.592,10293
Greenford,Mahoning,40.9439,-80.7915,
Canfield,Mahoning,41.0315,-80.7672,7284
Maple Ridge,Mahoning,40.9143,-81.0468,
New Middletown,Mahoning,40.9646,-80.5597,1562
Woodworth,Mahoning,40.9881,-80.6634,
Boardman,Mahoning,41.0334,-80.6671,
Beloit,Mahoning,40.9196,-80.9963,920
Green Camp,Marion,40.5321,-83.2077,361
Caledonia,Marion,40.6363,-82.9694,551
Martel,Marion,40.6689,-82.9102,
La Rue,Marion,40.578,-83.3821,710
Morral,Marion,40.6914,-83.2098,379
Marion,Marion,40.5933,-83.1237,45718
New Bloomington,Marion,40.5837,-83.3125,488
Meeker,Marion,40.6437,-83.3058,
Waldo,Marion,40.4598,-83.0847,323
Prospect,Marion,40.454,-83.1848,1060
Lodi,Medina,41.0348,-82.0122,2742
Westfield Center,Medina,41.0282,-81.9315,1157
Medina,Medina,41.1358,-81.8694,26261
Gloria Glens Park,Medina,41.0577,-81.901,439
Litchfield,Medina,41.1678,-82.0229,
Seville,Medina,41.0209,-81.8671,7673
Chippewa Lake,Medina,41.0737,-81.9047,734
Spencer,Medina,41.0991,-82.1231,774
Brunswick,Medina,41.2464,-81.8198,34756
Valley City,Medina,41.2354,-81.9357,
Wadsworth,Medina,41.0287,-81.7324,23136
Pomeroy,Meigs,39.0292,-82.034,1814
Harrisonville,Meigs,39.1265,-82.1338,
Dexter,Meigs,39.0873,-82.2129,
Syracuse,Meigs,38.9984,-81.9686,817
Letart Falls,Meigs,38.8929,-81.924,
Chester,Meigs,39.0876,-81.9226,
Reedsville,Meigs,39.1215,-81.7476,
Tuppers Plains,Meigs,39.1726,-81.8466,
Middleport,Meigs,38.9948,-82.0643,8338
Racine,Meigs,38.9689,-81.9124,658
Rutland,Meigs,39.041,-82.1279,378
Fort Recovery,Mercer,40.4113,-84.7761,1437
Wabash,Mercer,40.5456,-84.75,
Saint Henry,Mercer,40.4208,-84.6326,2513
Celina,Mercer,40.5551,-84.5629,11176
Chattanooga,Mercer,40.637,-84.785,
Mendon,Mercer,40.6733,-84.5175,648
Coldwater,Mercer,40.4834,-84.6316,4552
Chickasaw,Mercer,40.4367,-84.4936,298
Neptune,Mercer,40.6031,-84.4916,
Rockford,Mercer,40.6915,-84.6502,1102
Montezuma,Mercer,40.4892,-84.5497,159
Burkettsville,Mercer,40.353,-84.6426,259
Laura,Miami,39.9951,-84.4084,482
Covington,Miami,40.1173,-84.3512,2773
Potsdam,Miami,39.9637,-84.4149,295
Troy,Miami,40.0431,-84.2193,25770
Tipp City,Miami,39.9642,-84.1861,9918
Pleasant Hill,Miami,40.0505,-84.346,1226
Piqua,Miami,40.1503,-84.2437,21498
West Milton,Miami,39.9586,-84.3262,4729
Ludlow Falls,Miami,39.9981,-84.3392,213
Fletcher,Miami,40.1417,-84.1119,479
Casstown,Miami,40.0528,-84.1285,273
Bradford,Miami,40.1315,-84.4295,1866
Beallsville,Monroe,39.8489,-81.0354,393
Lewisville,Monroe,39.7671,-81.2182,174
Miltonsburg,Monroe,39.8313,-81.1646,43
Hannibal,Monroe,39.6719,-80.8741,
Antioch,Monroe,39.6608,-81.067,85
Graysville,Monroe,39.6633,-81.1746,77
Clarington,Monroe,39.7765,-80.8646,373
Jerusalem,Monroe,39.8519,-81.0961,159
Malaga,Monroe,39.8548,-81.1493,
Sycamore Valley,Monroe,39.6665,-81.2434,
Stafford,Monroe,39.7124,-81.2765,80
Wilson,Monroe,39.8597,-81.0689,124
Woodsfield,Monroe,39.7631,-81.1168,2320
Sardis,Monroe,39.6266,-80.9059,
Trotwood,Montgomery,39.7927,-84.3165,24331
Centerville,Montgomery,39.6339,-84.1448,23817
Vandalia,Montgomery,39.879,-84.193,15058
Woodbourne,Montgomery,39.6592,-84.1583,
Union,Montgomery,39.9102,-84.2962,6606
Miamisburg,Montgomery,39.6323,-84.2725,19968
Oakwood,Montgomery,39.7202,-84.1734,8999
Phillipsburg,Montgomery,39.9039,-84.4009,553
Moraine,Montgomery,39.6983,-84.2458,6353
Riverside,Montgomery,39.7836,-84.122,24981
Englewood,Montgomery,39.8643,-84.3071,13502
Northview,Montgomery,39.8431,-84.2797,
Kettering,Montgomery,39.6956,-84.1495,55306
Drexel,Montgomery,39.7382,-84.2931,
Page Manor,Montgomery,39.7659,-84.1097,
West Carrollton,Montgomery,39.6723,-84.2522,
Clayton,Montgomery,39.8689,-84.3292,13160
New Lebanon,Montgomery,39.744,-84.3943,4054
Germantown,Montgomery,39.6325,-84.3645,5486
Huber Heights,Montgomery,39.8595,-84.113,38019
Farmersville,Montgomery,39.6787,-84.4275,1001
Brookville,Montgomery,39.8393,-84.4176,5895
Dayton,Montgomery,39.7798,-84.1999,718772
Eagleport,Morgan,39.7373,-81.9154,
Stockport,Morgan,39.5489,-81.7944,488
Malta,Morgan,39.6515,-81.8639,657
Reinersville,Morgan,39.6867,-81.661,
Chesterhill,Morgan,39.4908,-81.8667,285
McConnelsville,Morgan,39.6567,-81.8466,2677
Shauck,Morrow,40.6209,-82.6618,
Marengo,Morrow,40.4008,-82.8111,346
Edison,Morrow,40.5583,-82.8632,446
Cardington,Morrow,40.498,-82.8937,2062
Mount Gilead,Morrow,40.5532,-82.8279,3896
Fulton,Morrow,40.4629,-82.8281,261
Chesterville,Morrow,40.4777,-82.6818,230
Iberia,Morrow,40.6747,-82.8403,
Sparta,Morrow,40.3943,-82.6995,163
South Zanesville,Muskingum,39.9037,-82.018,1974
Trinway,Muskingum,40.1376,-82.0119,
Pleasant Grove,Muskingum,39.9513,-81.9592,
Frazeysburg,Muskingum,40.1182,-82.1171,1296
Fultonham,Muskingum,39.8558,-82.1424,178
Duncan Falls,Muskingum,39.8777,-81.9112,
Roseville,Muskingum,39.8066,-82.0756,1848
Zanesville,Muskingum,39.9567,-82.0133,42097
East Fultonham,Muskingum,39.8472,-82.1221,
North Zanesville,Muskingum,39.9905,-81.9982,
Dresden,Muskingum,40.122,-82.013,1683
Norwich,Muskingum,39.9843,-81.7924,104
Otsego,Muskingum,40.1215,-81.7649,
Adamsville,Muskingum,40.0689,-81.8826,122
Philo,Muskingum,39.8608,-81.9099,733
Blue Rock,Muskingum,39.8001,-81.8915,
New Concord,Muskingum,39.9948,-81.7379,2787
Batesville,Noble,39.9156,-81.2824,98
Belle Valley,Noble,39.7888,-81.5565,216
Caldwell,Noble,39.7467,-81.5127,5352
Sarahsville,Noble,39.8076,-81.4692,166
Ava,Noble,39.8317,-81.5748,
Dexter City,Noble,39.6592,-81.4739,126
Harriettsville,Noble,39.6315,-81.3376,
Summerfield,Noble,39.7969,-81.3355,244
Catawba Island,Ottawa,41.5853,-82.8369,
Lakeside,Ottawa,41.5408,-82.7534,
Marblehead,Ottawa,41.5228,-82.7284,879
Rocky Ridge,Ottawa,41.5309,-83.2126,405
Port Clinton,Ottawa,41.5094,-82.9383,13104
Put-in-Bay,Ottawa,41.6526,-82.8176,135
Genoa,Ottawa,41.52,-83.3616,3049
Clay Center,Ottawa,41.5733,-83.3643,315
Williston,Ottawa,41.6026,-83.3419,
Oak Harbor,Ottawa,41.5123,-83.143,2771
Elliston,Ottawa,41.5475,-83.2802,
Elmore,Ottawa,41.471,-83.2915,1380
Antwerp,Paulding,41.1798,-84.7378,1681
Grover Hill,Paulding,41.019,-84.4776,381
Latty,Paulding,41.0879,-84.5832,187
Haviland,Paulding,41.0178,-84.5853,211
Broughton,Paulding,41.088,-84.535,116
Cecil,Paulding,41.2191,-84.6018,184
Paulding,Paulding,41.1424,-84.5824,3426
Melrose,Paulding,41.0887,-84.4201,266
Payne,Paulding,41.0797,-84.7272,1153
Thornport,Perry,39.921,-82.4271,
Corning,Perry,39.6016,-82.0876,571
Glenford,Perry,39.8864,-82.3194,176
Hemlock,Perry,39.5905,-82.1545,156
New Lexington,Perry,39.716,-82.208,4930
Rose Farm,Perry,39.7359,-82.0779,
New Straitsville,Perry,39.5793,-82.2343,711
Rendville,Perry,39.6199,-82.09,36
Moxahala,Perry,39.6626,-82.1363,
Junction City,Perry,39.7217,-82.2998,805
McCuneville,Perry,39.629,-82.2343,
Crooksville,Perry,39.769,-82.0956,4794
Thornville,Perry,39.8929,-82.4141,997
Somerset,Perry,39.8064,-82.2995,1463
Shawnee,Perry,39.6063,-82.2046,643
Tarlton,Pickaway,39.554,-82.7779,287
Ashville,Pickaway,39.7248,-82.9581,6368
Circleville,Pickaway,39.6062,-82.9335,15626
Orient,Pickaway,39.8056,-83.1525,
Williamsport,Pickaway,39.5824,-83.1208,1061
East Ringgold,Pickaway,39.6695,-82.861,
Darbyville,Pickaway,39.6955,-83.1139,238
New Holland,Pickaway,39.5546,-83.2593,836
Derby,Pickaway,39.764,-83.2068,
Logan Elm Village,Pickaway,39.5705,-82.9471,
Commercial Point,Pickaway,39.7723,-83.0626,1611
South Bloomfield,Pickaway,39.7162,-82.9928,1864
Omega,Pike,39.1517,-82.9102,
Piketon,Pike,39.0649,-82.9985,2189
Wakefield,Pike,38.9703,-83.0199,
Cynthiana,Pike,39.1738,-83.3486,
Waverly,Pike,39.1256,-82.9836,4365
Morgantown,Pike,39.1295,-83.1982,
Elm Grove,Pike,39.0465,-83.1638,
Beaver,Pike,39.0319,-82.8252,441
Stockdale,Pike,38.9578,-82.8574,
Jasper,Pike,39.0501,-83.0566,
Deerfield,Portage,41.0245,-81.0501,
Hiram,Portage,41.3113,-81.1429,1195
Mantua,Portage,41.2819,-81.2221,1019
Freedom Station,Portage,41.2056,-81.1476,
Atwater,Portage,41.0266,-81.1621,
Kent,Portage,41.1491,-81.361,30071
Ravenna,Portage,41.1613,-81.2421,11533
Streetsboro,Portage,41.2396,-81.3456,16272
Garrettsville,Portage,41.2843,-81.0933,6144
Sugar Bush Knolls,Portage,41.2037,-81.3472,177
Windham,Portage,41.2375,-81.0373,2202
Brimfield,Portage,41.0941,-81.3483,
Aurora,Portage,41.3118,-81.345,15876
Brady Lake,Portage,41.1623,-81.3142,461
New Hope,Preble,39.7917,-84.7133,
College Corner,Preble,39.5682,-84.8109,411
Verona,Preble,39.9018,-84.4958,484
New Paris,Preble,39.8565,-84.7922,1574
Gratis,Preble,39.6484,-84.5286,858
Eaton,Preble,39.7506,-84.6342,7922
Campbellstown,Preble,39.7878,-84.7602,
Lake Lakengren,Preble,39.6894,-84.69,
Eldorado,Preble,39.9043,-84.6752,498
West Manchester,Preble,39.9035,-84.6265,464
Camden,Preble,39.6374,-84.6445,1963
West Alexandria,Preble,39.745,-84.5361,1344
West Elkton,Preble,39.5881,-84.5597,193
Lewisburg,Preble,39.8508,-84.5434,1765
Continental,Putnam,41.0997,-84.2693,1121
Miller City,Putnam,41.1034,-84.1309,145
Pandora,Putnam,40.9482,-83.959,1148
Leipsic,Putnam,41.1094,-83.9676,2032
Kalida,Putnam,40.985,-84.1951,1564
Fort Jennings,Putnam,40.9066,-84.2993,484
Cloverdale,Putnam,41.0193,-84.3037,165
Gilboa,Putnam,41.0187,-83.9219,184
Belmore,Putnam,41.1548,-83.9412,145
Vaughnsville,Putnam,40.8814,-84.1458,
Ottawa,Putnam,41.0204,-84.035,5205
Glandorf,Putnam,41.0278,-84.079,1007
Ottoville,Putnam,40.9337,-84.3387,976
Dupont,Putnam,41.0547,-84.301,300
North Creek,Putnam,41.1464,-84.2194,
Columbus Grove,Putnam,40.919,-84.0595,2086
West Leipsic,Putnam,41.1052,-84.001,198
Adario,Richland,40.9345,-82.4502,
Lucas,Richland,40.7043,-82.4223,592
Butler,Richland,40.5897,-82.4209,906
Shelby,Richland,40.8845,-82.6577,9018
Ontario,Richland,40.7709,-82.6107,6079
Lexington,Richland,40.68,-82.5795,4704
Shiloh,Richland,40.9693,-82.6016,622
Mansfield,Richland,40.7655,-82.5276,73450
Frankfort,Ross,39.4069,-83.1842,1061
Kingston,Ross,39.4723,-82.912,1023
Clarksburg,Ross,39.5059,-83.1541,456
Bainbridge,Ross,39.2265,-83.2695,851
Bourneville,Ross,39.2829,-83.1596,
Londonderry,Ross,39.2667,-82.7904,
Chillicothe,Ross,39.3393,-82.9937,32004
Richmond Dale,Ross,39.2042,-82.8122,
South Salem,Ross,39.3373,-83.3069,206
Andersonville,Ross,39.4338,-83.019,
Spargursville,Ross,39.2253,-83.1671,
Adelphi,Ross,39.4647,-82.7456,373
Massieville,Ross,39.2651,-82.9668,
Fruitdale,Ross,39.3017,-83.3396,
Gibsonburg,Sandusky,41.388,-83.3218,2542
Bellville,Sandusky,40.6288,-82.5234,1871
Lindsey,Sandusky,41.4216,-83.2211,425
Burgoon,Sandusky,41.2675,-83.2513,172
Wightmans Grove,Sandusky,41.4241,-83.0466,
Fremont,Sandusky,41.353,-83.1143,22737
Woodville,Sandusky,41.4509,-83.3639,2064
Clyde,Sandusky,41.3049,-82.9785,5939
Ballville,Sandusky,41.3269,-83.1368,
Whites Landing,Sandusky,41.4308,-82.896,
Hessville,Sandusky,41.403,-83.243,
Stony Prairie,Sandusky,41.3523,-83.1522,
Helena,Sandusky,41.3404,-83.2922,217
Vickery,Sandusky,41.3769,-82.9414,
Green Springs,Sandusky,41.2572,-83.0532,1315
Wheelersburg,Scioto,38.7383,-82.842,
Franklin Furnace,Scioto,38.6115,-82.8439,
West Portsmouth,Scioto,38.7622,-83.0417,
Friendship,Scioto,38.698,-83.1004,
South Webster,Scioto,38.817,-82.7282,820
Sciotodale,Scioto,38.7539,-82.8604,
Clarktown,Scioto,38.8498,-82.9085,
Lucasville,Scioto,38.8783,-82.9934,
Scioto Furnace,Scioto,38.7987,-82.7649,
Minford,Scioto,38.8618,-82.8552,
Otway,Scioto,38.865,-83.1886,84
Rarden,Scioto,38.9234,-83.2425,153
Rosemount,Scioto,38.7812,-82.9664,
McDermott,Scioto,38.8344,-83.0584,
New Boston,Scioto,38.7516,-82.9351,2153
Portsmouth,Scioto,38.7539,-82.9446,36584
Amsden,Seneca,41.2162,-83.3285,
New Riegel,Seneca,41.0519,-83.3191,244
Bascom,Seneca,41.129,-83.2869,
Fostoria,Seneca,41.1601,-83.4119,14517
Fort Seneca,Seneca,41.2043,-83.168,
Republic,Seneca,41.125,-83.0167,526
Kansas,Seneca,41.2452,-83.2839,
Melmore,Seneca,41.0261,-83.1051,
Carrothers,Seneca,40.9981,-82.9221,
Old Fort,Seneca,41.2419,-83.1515,
Attica,Seneca,41.0634,-82.8874,874
Flat Rock,Seneca,41.2355,-82.8591,
Tiffin,Seneca,41.1167,-83.18,19090
Bloomville,Seneca,41.0514,-83.0137,924
Bettsville,Seneca,41.2441,-83.2338,632
Kettlersville,Shelby,40.4389,-84.2597,175
Anna,Shelby,40.3962,-84.1762,1532
Lockington,Shelby,40.2075,-84.2358,137
Jackson Center,Shelby,40.4385,-84.0405,1456
Sidney,Shelby,40.2892,-84.1666,21267
Fort Loramie,Shelby,40.3441,-84.3698,1497
Botkins,Shelby,40.4586,-84.1781,1145
Port Jefferson,Shelby,40.3305,-84.0925,356
Russia,Shelby,40.2342,-84.4083,652
Maplewood,Shelby,40.3762,-84.0258,
Newport,Shelby,40.2951,-84.3692,
Meyers Lake,Stark,40.8159,-81.4165,567
Wilmot,Stark,40.6558,-81.6343,301
North Canton,Stark,40.8742,-81.3971,17365
Marlboro,Stark,40.9504,-81.2166,
Greentown,Stark,40.9274,-81.402,
Beach City,Stark,40.6531,-81.5798,995
Alliance,Stark,40.9107,-81.1189,31917
Richville,Stark,40.7529,-81.4684,
Minerva,Stark,40.7307,-81.1023,4516
Hills and Dales,Stark,40.829,-81.444,229
Canal Fulton,Stark,40.8903,-81.5891,5433
East Canton,Stark,40.789,-81.2837,1589
Perry Heights,Stark,40.7978,-81.468,
East Sparta,Stark,40.6637,-81.3628,807
Massillon,Stark,40.784,-81.5256,32258
Robertsville,Stark,40.762,-81.1936,
North Lawrence,Stark,40.8417,-81.6347,
Canton,Stark,40.8082,-81.3678,272768
Louisville,Stark,40.8366,-81.2646,9356
Maximo,Stark,40.8764,-81.172,
Navarre,Stark,40.7259,-81.513,1909
North Industry,Stark,40.7389,-81.3668,
Brewster,Stark,40.7135,-81.599,2156
Magnolia,Stark,40.6531,-81.2917,973
Hartville,Stark,40.9619,-81.3342,3020
Waynesburg,Stark,40.6683,-81.2598,916
Justus,Stark,40.7045,-81.579,
Limaville,Stark,40.984,-81.1483,146
Uniontown,Stark,40.9736,-81.4045,
Akron,Summit,41.0802,-81.5219,565311
Montrose,Summit,41.1356,-81.6373,
Reminderville,Summit,41.3339,-81.4019,4109
Clinton,Summit,40.9284,-81.6306,1202
Twinsburg Heights,Summit,41.3064,-81.4579,
Portage Lakes,Summit,41.0035,-81.5348,
Sawyerwood,Summit,41.0345,-81.4412,
Stow,Summit,41.1765,-81.4344,34711
Norton,Summit,41.0294,-81.6461,12011
Richfield,Summit,41.2356,-81.6418,3640
Mogadore,Summit,41.052,-81.3995,3833
Hudson,Summit,41.2399,-81.4408,22251
Boston Heights,Summit,41.2536,-81.5088,1294
Lakemore,Summit,41.0214,-81.4264,3060
Cuyahoga Falls,Summit,41.1641,-81.5206,49206
Sagamore Hills,Summit,41.3117,-81.5682,
Twinsburg,Summit,41.3221,-81.4451,18877
West Richfield,Summit,41.2395,-81.6551,
Northfield,Summit,41.3426,-81.5286,3670
Fairlawn,Summit,41.127,-81.6212,7466
Barberton,Summit,41.0095,-81.6038,26120
Greensburg,Summit,40.9317,-81.4648,
Peninsula,Summit,41.2378,-81.552,563
Ghent,Summit,41.1584,-81.6368,
Macedonia,Summit,41.3147,-81.499,11899
Northfield Center,Summit,41.3142,-81.5393,
Silver Lake,Summit,41.1594,-81.4605,2498
Pigeon Creek,Summit,41.1101,-81.6723,
New Franklin,Summit,40.9525,-81.5839,14149
Munroe Falls,Summit,41.1385,-81.4344,5052
Green,Summit,40.9483,-81.4757,25673
Copley,Summit,41.0989,-81.6446,
Tallmadge,Summit,41.1023,-81.4216,17534
Gustavus,Trumbull,41.462,-80.6656,
Orangeville,Trumbull,41.3417,-80.5284,194
McDonald,Trumbull,41.1634,-80.7231,3118
Maplewood Park,Trumbull,41.1392,-80.5797,
Warren,Trumbull,41.2389,-80.8177,39898
West Farmington,Trumbull,41.3909,-80.973,482
Mecca,Trumbull,41.3895,-80.737,
Champion,Trumbull,41.3001,-80.8498,
West Hill,Trumbull,41.2298,-80.5273,
Bolindale,Trumbull,41.2088,-80.7781,
South Canal,Trumbull,41.1759,-80.9864,
Mineral Ridge,Trumbull,41.1387,-80.766,
Kinsman,Trumbull,41.4439,-80.5887,
Leavittsburg,Trumbull,41.2452,-80.8787,
North Bloomfield,Trumbull,41.4642,-80.8684,
Morgandale,Trumbull,41.267,-80.7958,
Niles,Trumbull,41.1877,-80.7531,18458
Churchill,Trumbull,41.1692,-80.666,
Brookfield Center,Trumbull,41.2386,-80.5558,
Hilltop,Trumbull,41.1644,-80.7419,
Hubbard,Trumbull,41.1593,-80.5682,7579
Lordstown,Trumbull,41.1684,-80.8589,3266
Yankee Lake,Trumbull,41.2683,-80.5691,78
McKinley Heights,Trumbull,41.186,-80.7178,
Newton Falls,Trumbull,41.1887,-80.9702,4596
Howland Center,Trumbull,41.2483,-80.7444,
Masury,Trumbull,41.2083,-80.5378,
Cortland,Trumbull,41.3318,-80.7192,6880
Girard,Trumbull,41.1673,-80.6961,9477
Parral,Tuscarawas,40.5609,-81.495,220
Midvale,Tuscarawas,40.4357,-81.3698,744
Port Washington,Tuscarawas,40.3267,-81.5192,566
Dundee,Tuscarawas,40.5868,-81.6069,
Stone Creek,Tuscarawas,40.3997,-81.558,178
Dover,Tuscarawas,40.5302,-81.4805,12843
Sugarcreek,Tuscarawas,40.5076,-81.6409,2222
Baltic,Tuscarawas,40.4443,-81.7019,786
Stillwater,Tuscarawas,40.3234,-81.3084,
Newcomerstown,Tuscarawas,40.2762,-81.5949,4117
Tuscarawas,Tuscarawas,40.3934,-81.4006,1055
Uhrichsville,Tuscarawas,40.4005,-81.3515,5377
Mineral City,Tuscarawas,40.6018,-81.361,719
Sandyville,Tuscarawas,40.6466,-81.3671,
Bolivar,Tuscarawas,40.6506,-81.4555,3690
Dennison,Tuscarawas,40.3972,-81.3275,2629
Somerdale,Tuscarawas,40.5665,-81.3607,
Strasburg,Tuscarawas,40.6007,-81.5295,2678
Gnadenhutten,Tuscarawas,40.3594,-81.4293,1283
New Philadelphia,Tuscarawas,40.486,-81.4402,46838
Zoar,Tuscarawas,40.6134,-81.4233,180
Barnhill,Tuscarawas,40.4497,-81.3679,384
Roswell,Tuscarawas,40.4759,-81.348,221
Magnetic Springs,Union,40.3533,-83.2628,281
Milford Center,Union,40.1791,-83.4381,840
Peoria,Union,40.3139,-83.4458,
Unionville Center,Union,40.1367,-83.3416,237
Marysville,Union,40.2276,-83.3594,23674
Raymond,Union,40.335,-83.4634,
Byhalia,Union,40.4537,-83.4555,
Broadway,Union,40.3412,-83.4121,
Richwood,Union,40.4276,-83.2955,2316
New California,Union,40.1503,-83.2371,
Wren,Van Wert,40.8006,-84.7746,191
Ohio City,Van Wert,40.7703,-84.6162,686
Elgin,Van Wert,40.7426,-84.476,56
Willshire,Van Wert,40.7465,-84.7924,383
Venedocia,Van Wert,40.7852,-84.4559,122
Convoy,Van Wert,40.9179,-84.7053,1064
Middle Point,Van Wert,40.8559,-84.4463,560
Scott,Van Wert,40.989,-84.5837,279
Van Wert,Van Wert,40.8653,-84.5873,10630
Hamden,Vinton,39.1591,-82.5243,855
Eagle Mills,Vinton,39.3287,-82.6921,
Wilkesville,Vinton,39.0765,-82.3271,147
McArthur,Vinton,39.2466,-82.4787,1645
Zaleski,Vinton,39.2811,-82.395,263
Allensville,Vinton,39.2726,-82.6068,
Creola,Vinton,39.3153,-82.4663,
Morrow,Warren,39.3496,-84.1236,1272
South Lebanon,Warren,39.3686,-84.219,4402
Kings Mills,Warren,39.3584,-84.2505,
Hageman,Warren,39.3901,-84.2649,
Red Lion,Warren,39.4914,-84.2497,
Waynesville,Warren,39.5329,-84.0903,3039
Harveysburg,Warren,39.5022,-83.9984,556
Loveland Park,Warren,39.2944,-84.2634,
Hopkinsville,Warren,39.3389,-84.2197,
Corwin,Warren,39.5249,-84.0676,444
Lebanon,Warren,39.4248,-84.2139,20651
Socialville,Warren,39.3195,-84.3316,
Oregonia,Warren,39.4509,-84.096,
Springboro,Warren,39.5612,-84.2348,18452
Carlisle,Warren,39.5808,-84.3201,5329
Dallasburg,Warren,39.2723,-84.1913,
Hunter,Warren,39.4948,-84.2903,
Murdock,Warren,39.292,-84.206,
Maineville,Warren,39.314,-84.1992,1056
Butlerville,Warren,39.3017,-84.0903,166
Franklin,Warren,39.5537,-84.295,11780
Pleasant Plain,Warren,39.2787,-84.1119,160
Mason,Warren,39.3563,-84.3034,33037
Five Points,Warren,39.5595,-84.1868,
Landen,Warren,39.3153,-84.277,
Macksburg,Washington,39.6314,-81.4562,186
Watertown,Washington,39.4659,-81.6332,
Waterford,Washington,39.5407,-81.6424,
Cutler,Washington,39.3542,-81.7901,
New Matamoras,Washington,39.5245,-81.0671,
Little Hocking,Washington,39.2607,-81.7019,
Beverly,Washington,39.55,-81.6362,1316
Lower Salem,Washington,39.5635,-81.3942,86
Whipple,Washington,39.5223,-81.4146,
Reno,Washington,39.3769,-81.3932,
Bartlett,Washington,39.4195,-81.8157,
Coal Run,Washington,39.5676,-81.5812,
Lowell,Washington,39.5292,-81.5068,545
Marietta,Washington,39.424,-81.4465,21735
Devola,Washington,39.4739,-81.468,
Belpre,Washington,39.2815,-81.5971,6461
Burbank,Wayne,40.9864,-81.9948,208
Congress,Wayne,40.9252,-82.0559,186
Marshallville,Wayne,40.8998,-81.7329,760
Mount Eaton,Wayne,40.6953,-81.7025,242
Shreve,Wayne,40.6814,-82.0217,1521
Smithville,Wayne,40.8623,-81.8602,1273
Creston,Wayne,40.9764,-81.9,2184
Rittman,Wayne,40.9737,-81.7845,6593
Orrville,Wayne,40.8482,-81.7747,8691
Sterling,Wayne,40.9664,-81.8441,
Lattasburg,Wayne,40.8787,-82.1085,
New Pittsburg,Wayne,40.8416,-82.0989,
Madisonburg,Wayne,40.8578,-81.9257,
Doylestown,Wayne,40.9699,-81.6958,3108
Dalton,Wayne,40.7992,-81.7038,2628
Kidron,Wayne,40.744,-81.7467,
West Salem,Wayne,40.9697,-82.1078,1489
Wooster,Wayne,40.8166,-81.9337,31483
Fredericksburg,Wayne,40.6771,-81.8693,420
Apple Creek,Wayne,40.7486,-81.8334,1186
Stryker,Williams,41.5024,-84.418,1308
Blakeslee,Williams,41.5243,-84.7311,95
Kunkle,Williams,41.6359,-84.4941,
Nettle Lake,Williams,41.6786,-84.727,
Lake Seneca,Williams,41.6695,-84.6516,
Edon,Williams,41.5562,-84.7694,820
Pulaski,Williams,41.5108,-84.5079,
Bryan,Williams,41.4711,-84.5489,9634
Pioneer,Williams,41.6775,-84.5534,1408
Edgerton,Williams,41.4497,-84.7496,1995
Holiday City,Williams,41.6178,-84.5388,52
Montpelier,Williams,41.5816,-84.5971,3847
Alvordton,Williams,41.6646,-84.4347,
West Unity,Williams,41.5884,-84.4308,1645
Bradner,Wood,41.3236,-83.4363,1018
Northwood,Wood,41.6089,-83.4837,5394
Milton Center,Wood,41.3007,-83.8298,149
Grand Rapids,Wood,41.4078,-83.8679,998
Jerry City,Wood,41.2537,-83.6023,441
North Baltimore,Wood,41.1799,-83.6702,3572
Risingsun,Wood,41.2671,-83.4268,626
West Millgrove,Wood,41.2428,-83.4913,180
Haskins,Wood,41.4648,-83.7043,1227
Walbridge,Wood,41.5864,-83.4929,3094
Weston,Wood,41.3464,-83.7948,1631
Hoytville,Wood,41.19,-83.7844,307
Rossford,Wood,41.5831,-83.5692,6570
Wayne,Wood,41.301,-83.4717,921
Pemberville,Wood,41.4096,-83.4587,1418
Bowling Green,Wood,41.3772,-83.65,32335
Cygnet,Wood,41.2407,-83.6438,617
Bloomdale,Wood,41.1716,-83.5534,685
Lime City,Wood,41.5351,-83.5669,
Perrysburg,Wood,41.5376,-83.6412,21592
Millbury,Wood,41.5648,-83.4255,1245
Tontogany,Wood,41.4211,-83.741,382
Bairdstown,Wood,41.1711,-83.6072,134
Custar,Wood,41.2846,-83.8438,185
Rudolph,Wood,41.2966,-83.664,
Luckey,Wood,41.4525,-83.4839,1045
Stony Ridge,Wood,41.5075,-83.5093,
Portage,Wood,41.3232,-83.6468,466
Carey,Wyandot,40.95,-83.3836,3485
Kirby,Wyandot,40.8135,-83.4194,115
Wharton,Wyandot,40.8613,-83.4649,350
Sycamore,Wyandot,40.9517,-83.1709,831
Harpster,Wyandot,40.7384,-83.2502,199
McCutchenville,Wyandot,40.9944,-83.2547,
Upper Sandusky,Wyandot,40.8301,-83.2719,6002
Nevada,Wyandot,40.8188,-83.1312,740
Marseilles,Wyandot,40.7011,-83.3923,109
